罗湖,国贸
国贸,老街
老街,大剧院
老街,红岭
老街,晒布
大剧院,科学馆
大剧院,燕南
大剧院,湖贝
科学馆,华强路
科学馆,通新岭
华强路,岗厦
岗厦,会展中心
岗厦,福民
岗厦,莲花村
会展中心,购物公园
会展中心,市民中心
会展中心,福民
购物公园,香蜜湖
购物公园,石厦
购物公园,福田
香蜜湖,车公庙
车公庙,竹子林
车公庙,农林
车公庙,上沙
车公庙,下沙
车公庙,香梅
车公庙,福田
车公庙,红树湾南
竹子林,侨城东
侨城东,华侨城
华侨城,世界之窗
世界之窗,白石洲
世界之窗,红树湾
世界之窗,侨城北
白石洲,高新园
高新园,深大
深大,桃园
桃园,大新
大新,鲤鱼门
鲤鱼门,前海湾
前海湾,新安
前海湾,临海
前海湾,桂湾
前海湾,南山
前海湾,宝安
新安,宝安中心
宝安中心,宝体
宝安中心,翻身
宝安中心,宝华
宝体,坪洲
坪洲,西乡
西乡,固戍
固戍,后瑞
后瑞,机场东
赤湾,蛇口港
赤湾,荔湾
蛇口港,海上世界
海上世界,水湾
水湾,东角头
东角头,湾厦
湾厦,海月
海月,登良
登良,后海
后海,科苑
后海,红树湾南
后海,南山
科苑,红树湾
侨城北,深康
深康,安托山
安托山,侨香
安托山,深云
安托山,农林
侨香,香蜜
香蜜,香梅北
香梅北,景田
景田,莲花西
景田,香梅
景田,梅景
莲花西,福田
福田,市民中心
福田,少年宫
市民中心,岗厦北
市民中心,少年宫
岗厦北,华强北
华强北,燕南
华强北,华强南
华强北,华新
湖贝,黄贝岭
黄贝岭,新秀
黄贝岭,怡景
新秀,莲塘口岸
莲塘口岸,仙湖路
仙湖路,莲塘
莲塘,梧桐山南
梧桐山南,沙头角
沙头角,海山
海山,盐田港西
盐田港西,深外高中
深外高中,盐田路
福保,益田
益田,石厦
石厦,沙尾
石厦,皇岗村
少年宫,莲花村
少年宫,莲花北
莲花村,华新
莲花村,冬瓜岭
华新,通新岭
华新,黄木岗
通新岭,红岭
通新岭,体育中心
红岭,园岭
红岭,红岭南
晒布,翠竹
翠竹,田贝
田贝,水贝
田贝,洪湖
田贝,太安
水贝,草埔
草埔,布吉
布吉,木棉湾
布吉,百鸽笼
布吉,长龙
木棉湾,大芬
大芬,丹竹头
丹竹头,六约
六约,塘坑
塘坑,横岗
横岗,永湖
永湖,荷坳
荷坳,大运
大运,爱联
爱联,吉祥
吉祥,龙城广场
龙城广场,南联
南联,双龙
牛湖,观澜湖
观澜湖,松元厦
松元厦,观澜
观澜,长湖
长湖,茜坑
茜坑,竹村
竹村,清湖北
清湖北,清湖
清湖,龙华
龙华,龙胜
龙胜,上塘
上塘,红山
红山,深圳北站
红山,上芬
深圳北站,白石龙
深圳北站,民治
深圳北站,长岭陂
深圳北站,梅林关
白石龙,民乐
民乐,上梅林
上梅林,莲花北
上梅林,梅村
上梅林,I岭
福民,福田口岸
福民,皇岗村
福民,皇岗口岸
怡景,太安
太安,布心
布心,百鸽笼
长龙,下水径
下水径,上水径
上水径,杨美
杨美,坂田
坂田,五和
五和,民治
五和,光雅园
五和,坂田北
长岭陂,塘朗
塘朗,大学城
大学城,西丽
西丽,留仙洞
西丽,西丽湖
西丽,茶光
留仙洞,兴东
兴东,洪浪北
洪浪北,灵芝
灵芝,翻身
宝华,临海
桂湾,前湾
前湾,前湾公园
前湾,梦海
前湾公园,妈湾
妈湾,铁路公园
铁路公园,荔湾
松岗,溪头
松岗,后亭
松岗,碧头
溪头,松岗公园
松岗公园,薯田埔
薯田埔,合水口
合水口,公明广场
公明广场,红花山
红花山,楼村
楼村,科学公园
科学公园,光明
光明,光明大街
光明大街,凤凰城
凤凰城,长圳
长圳,上屋
上屋,官田
官田,阳台山东
阳台山东,元芬
元芬,上芬
梅林关,翰岭
翰岭,银湖
银湖,八卦岭
银湖,I岭
银湖,泥岗
八卦岭,体育中心
八卦岭,黄木岗
八卦岭,红岭北
茶光,珠光
珠光,龙井
龙井,桃源村
桃源村,深云
上沙,沙尾
皇岗口岸,赤尾
赤尾,华强南
红岭北,笋岗
红岭北,泥岗
红岭北,园岭
笋岗,洪湖
梦海,怡海
怡海,荔林
荔林,南油西
南油西,南油
南油,南山书城
南山书城,深大南
深大南,粤海门
粤海门,高新南
高新南,红树湾南
红树湾南,深湾
深湾,深圳湾公园
深圳湾公园,下沙
梅景,下梅林
下梅林,梅村
I岭,冬瓜岭
I岭,雅宝
红岭南,鹿丹村
鹿丹村,人民南
人民南,向西村
向西村,文锦
雅宝,南坑
南坑,光雅园
坂田北,贝尔路
贝尔路,华为
华为,岗头
岗头,雪象
雪象,甘坑
甘坑,凉帽山
凉帽山,上李朗
上李朗,木古
木古,华南城
华南城,禾花
禾花,平湖
平湖,双拥街
宝安,碧海湾
碧海湾,机场
机场,机场北
机场北,福永
机场北,国展南
福永,桥头
桥头,塘尾
塘尾,马安山
马安山,沙井
沙井,后亭
国展南,国展
国展,国展北
国展北,会展城
